ID,Title,Version,Status,Priority,Severity,Type,Reproducibility,Reporter,Assignee,Description,"Expected results","Steps to reproduce",Device,Tags,Comments,"Created at","Updated at"
1,"'data added successfully' msg is coming even though the upload is failed",Prod,Closed,High,Major,Functional,Always,"Nirali Thakkar",pareshmedia,"data added successfully is coming even though the upload is failed","'data added successfully' msg should not come if the upload is failed",,"Windows PC Lenovo Generic/All Windows 8 Chrome Latest",,2,"08/09/2016 10:28:45 ","17/10/2016 14:35:09 "
92,"Scheduled Date & time is getting same for all",Prod,"Not a Bug",High,Major,Functional,Always,"Jagadeesh Tummalacharla","priyanka k","1. when we schedule for email notification, scheduled Date and time is getting same for all campaigns which are showing in table at bottom of the panel.","1. Scheduled Date & time should show as per scheduled time, shouldn't show same for all.","1. Open http://manage.purplle.com/digitalmarketing/emailcampaign; 2. Select campaign, segment list and schedule as per requirement; 3. Repeat the step2 two or more times for different segments with different Date & time; 4. Now see the scheduled Date & time in ""Scheduled date"" column at bottom table of the panel",,,0,"01/09/2017 12:29:20 ","04/09/2017 15:21:29 "
94,"passed out dates and time shouldn't get select while scheduling",Prod,Closed,High,Major,Functional,Always,"Jagadeesh Tummalacharla","priyanka k","1. When we are doing scheduling part for Notifications testing, passed out dates and time is getting select and schedule.","1. passed out dates and time shouldn't be select. It should disable..","1. Open http://manage.purplle.com/digitalmarketing/emailcampaign; 2. Select campaign name, segment list and try to schedule for passed out dates and time",,,0,"04/09/2017 06:35:10 ","04/09/2017 15:22:53 "
98,"Home page is opening instead of stories page",Prod,Closed,High,Major,Functional,Always,"Jagadeesh Tummalacharla","priyanka k","1. Home page is opening instead of stories page, when click on deep link push.","1. Should open stories page","1. Open  http://managesandbox.purplle.com/digitalmarketing/emailsubscriber; 2. Select campaign name, type: Push notification; 3. Insert this https://www.purplle.com/stories into Deeplink field; 4. Hit on test push; 5. Now check on mobile device",,,1,"16/09/2017 05:05:45 ","18/09/2017 06:28:46 "
2,"if user keeps the view as 12 and only 12 users has viewed the product and runs the cron the new price is not getting updated",sandbox,Confirmed,High,Major,Functional,Always,"Nirali Thakkar",yashm,"if user keeps the view as 12 and only 12 users has viewed the product and runs the cron the new price is not getting updated.

Note: It only gets updated when the view is > 12
",,"1. open managesandbox.purplle.com; 2. go to product -> price exp; 3. enter view 12 and set the new price; 4. if the actual view is 12 and we run the cron the new price is not getting updated","Windows PC Lenovo Generic/All Windows 8",,0,"19/10/2016 10:10:11 ","19/10/2016 10:10:11 "
3,"while scheduling the price exp, instead of registered name , normal name is coming in the listing",sandbox,Confirmed,High,Major,Functional,Always,"Nirali Thakkar",yashm,"while scheduling the price exp, instead of registered name , normal name is coming in the listing","Registered name should come in the listing",,"Windows PC Lenovo Generic/All Windows 8",,0,"19/10/2016 11:33:40 ","19/10/2016 11:33:40 "
4,"our price is not getting update in product_price_experiment when views are > than the view is set",sandbox,Confirmed,High,Major,Functional,Always,"Nirali Thakkar",yashm,"our price is not getting update in product_price_experiment when views are > than the view is set",,,"Windows PC Lenovo Generic/All Windows 8",,0,"19/10/2016 13:21:26 ","19/10/2016 13:21:26 "
5,"new value is not getting inserted in product_update_index after running the cron",sandbox,Confirmed,High,Major,Functional,Always,"Nirali Thakkar",yashm,"new value is not getting inserted in product_update_index after running the cron",,,"Windows PC Lenovo Generic/All Windows 8",,0,"19/10/2016 13:23:11 ","19/10/2016 13:23:11 "
6,"when clicked on duplicate, percentage is coming as selected by default even though the type is amount",sandbox,Confirmed,High,Major,Functional,Always,"Nirali Thakkar",yashm,"when clicked on duplicate, percentage is coming as selected by default even though the type is amount",,,"Windows PC Lenovo Generic/All Windows 8",,0,"19/10/2016 13:25:06 ","19/10/2016 13:25:06 "
7,"it is accepting % > 100 in the values",sandbox,Confirmed,High,Major,Functional,Always,"Nirali Thakkar",yashm,"it is accepting % > 100 in the values","% range should always in between 1-100",,"Windows PC Lenovo Generic/All Windows 8",,0,"19/10/2016 13:26:16 ","19/10/2016 13:26:16 "
8,"for the 2nd view, data is not getting updated in product_price_experiment",sandbox,Confirmed,High,Major,Functional,Always,"Nirali Thakkar",yashm,"for the 2nd view, data is not getting updated in product_price_experiment",,,"Windows PC Lenovo Generic/All Windows 8",,0,"21/10/2016 11:07:57 ","21/10/2016 11:07:57 "
9,"when user enters value > mrp, it shows error message but it gets submitted",sandbox,Confirmed,High,Major,Functional,Always,"Nirali Thakkar",yashm,"when user enters value > mrp, it shows error message but it gets submitted",,,"Windows PC Lenovo Generic/All Windows 8",,0,"21/10/2016 13:39:41 ","21/10/2016 13:39:41 "
10,"multiple values are getting inserted into product_update_index",sandbox,Confirmed,High,Major,Functional,Always,"Nirali Thakkar",yashm,"multiple values are getting inserted into product_update_index",,,"Windows PC Lenovo Generic/All Windows 8",,0,"21/10/2016 13:46:42 ","21/10/2016 13:46:42 "
15,"When user has used partial amount from  cashback, then after cancel wallet shows some balance instead of 0",sandbox,Closed,High,Major,Functional,Always,"Nirali Thakkar",sanketmore,"When user has used partial amount from  cashback, and cancelled the order through which he got the cashback , the amount shown in the wallet is partial amount not used instead of 0",,"1. perform 1 order ; 2. now perform 2nd order and use the cashback amount partial; 3. now cancel the complete 1st order ; 4. the refund amount is correct but instead of deducting all the amount from the wallet, it still shows some money.","Windows PC Lenovo Generic/All Windows 8",,1,"23/11/2016 06:04:49 ","24/11/2016 08:36:57 "
16,"cashback is not working",sandbox,Closed,High,Major,Functional,Always,"Nirali Thakkar",sanketmore,"cashback is not working",,"1. perform complete order; 2. The amount is not coming in ext_Wallet","Windows PC Lenovo Generic/All Windows 8",,0,"23/11/2016 07:42:25 ","24/11/2016 06:40:30 "
17,"when user has used all the amount from the wallet, in purplle wallet page, it is coming as cashback is expired",sandbox,Closed,High,Major,Functional,Always,"Nirali Thakkar",sanketmore,"when user has used all the amount from the wallet, in purplle wallet page, it is coming as cashback is expired","It is not the expired condition, so this should not come.. Instead it should be ""Paid for order""","1. perform complete order; 2. perform 2nd order, and use the whole wallet amount; 3. now go to purplle wallet page; 4. it is showing cashback is expired instead","Windows PC Lenovo Generic/All Windows 8",,0,"24/11/2016 07:11:56 ","16/12/2016 12:29:46 "
18,"when user performs partial refund, in the panel, the quanity is not getting changed",sandbox,Closed,High,Major,Functional,Always,"Nirali Thakkar",sanketmore,"when user performs partial refund, in the panel, the quanity is not getting changed","the quanity should change automatically","1. perform order; 2. open panel; 3. click on refund; 4. refund by using quanity; 5. quantity is not changing even after refreshing the page","Windows PC Lenovo Generic/All Windows 8",,0,"24/11/2016 10:17:12 ","28/11/2016 09:03:31 "
19,"Refund is coming incorrect, when user performs partial refund from the panel",sandbox,Closed,High,Major,Functional,Always,"Nirali Thakkar",sanketmore,"Refund is coming incorrect, when user performs partial refund from the panel

",,"1. perform 1st order with cashback coupon; 2. perform 2nd order with cashback coupon; 3. run the crron; 4. perform 3rd order and use partail wallet; 5. now part refund from the panel","Windows PC Lenovo Generic/All Windows 8",,0,"24/11/2016 10:19:27 ","28/11/2016 09:03:55 "
20,"Email issues in cashback credit",sandbox,Closed,High,Major,Functional,Always,"Nirali Thakkar",sanketmore,"1. Beauty quiz banner is not clickable
2. google + page is giving 404 error
3. Order id should be displayed in full",,"1. perform order with amount > 1000, and use coupon cashnimbu and run the cron","Windows PC Lenovo Generic/All Windows 8",cashback,1,"28/11/2016 11:13:22 ","16/12/2016 12:29:39 "
21,"Alignment issue in email of cancellation when amount is present in wallet",sandbox,Closed,High,Major,Functional,Always,"Nirali Thakkar",sanketmore,"Alignment issue in email of cancellation when amount is present in wallet",,,"Windows PC Lenovo Generic/All Windows 8",,0,"29/11/2016 07:44:10 ","05/12/2016 13:50:50 "
22,"from the panel, when clicked on refund and clicks on submit, the qty is not getting updated",sandbox,Closed,High,Major,Functional,Always,"Nirali Thakkar",sanketmore,"Note: It is working for cancel",,,"Windows PC Lenovo Generic/All Windows 8",,0,"29/11/2016 11:33:39 ","12/12/2016 10:42:38 "
23,"in full cancel or full refund, when partial amount is not present in the wallet, total refund amt in mail is incorrect",sandbox,Closed,High,Major,Functional,Always,"Nirali Thakkar",sanketmore,"in full cancel or full refund, when partial amount is not present in the wallet, total refund amt in mail is incorrect",,"1. perform first complete order; 2. run the cron; 3. now perform 2nd order and use some wallet amt; 4. now cancel the first order","Windows PC Lenovo Generic/All Windows 8",,0,"29/11/2016 11:36:25 ","12/12/2016 10:42:28 "
24,"during partial refund, in the email, subtotal is coming 0",sandbox,Closed,High,Major,Functional,Always,"Nirali Thakkar",sanketmore,"during partial refund, in the email, subtotal is coming 0",,"1. perform complete order; 2. run the cron; 3. part cancel the order","Windows PC Lenovo Generic/All Windows 8",,0,"29/11/2016 11:37:46 ","12/12/2016 10:42:18 "
25,"during part or full cancel and part or full refund the amount to be refund to user is coming incorrect in both mail and db",sandbox,Closed,High,Major,Functional,Always,"Nirali Thakkar",sanketmore,"during part or full cancel and part or full refund the amount to be refund to user is coming incorrect in both mail and db.

200 is getting added in the wallet while cancellation and also the same amount is getting added in the refund amount","without running the cron the amount should not get added in the wallet.  ","1. perform order by using cashback coupon; 2. dnt run the cron; 3. perform cancellation or refund from panel ","Windows PC Lenovo Generic/All Windows 8",,0,"30/11/2016 11:02:05 ","01/12/2016 12:24:58 "
26,"Cashback amount deducted multiple times when refund is done from panel.",sandbox,Closed,High,Major,Functional,Always,"Nikhil Teredesai",yashm,"When user refund products of same order cashback amount is debited two times from wallet.

http://www.screencast.com/t/nJiXQdNCeDFL",,,,cashback,0,"30/11/2016 15:02:00 ","12/12/2016 10:42:12 "
28,"transaction is failed then also amount is getting credited in the wallet and default order created, in mobile site",sandbox,New,High,Major,Functional,Always,"Nirali Thakkar",yashm,"transaction is failed then also amount is getting credited in the wallet and default order is getting created, in mobile site

Order id: 1442407",,"1. login; 2. use coupon cashnimbu; 3. use credit card to perform the transaction; 4. fail the transaction; 5. run the cron; 6. amount is getting credited in the wallet.","Windows PC Lenovo Generic/All Windows 8",cashback,0,"02/12/2016 10:22:48 ","02/12/2016 15:14:01 "
27,"Cashback should not be generated for order which is verification pending state.",sandbox,Confirmed,High,Major,Functional,Always,"Nikhil Teredesai",yashm,"When order is is Verification Pending state, then user should not get cashback.",,"1. Caret new user whose number is not verified.; 2. Create COD order.; 3. Run cron",,,0,"02/12/2016 10:27:26 ","02/12/2016 10:27:26 "
29,"if user has used wallet amount while creating the order, and after return sr is getting created instead amount  go in walet",sandbox,Closed,High,Major,Functional,Always,"Nirali Thakkar",sanketmore,"if user has used wallet amount while creating the order, and after return sr is getting created ","Instead of creating sr, amount should get credited in the wallet

Note: this is happening for both full and part return

Order id: 1442964","1. perform order; 2. run the cron; 3. perform second order by using only wallet and use partial wallet amount; 4. Note: keep wallet % 100; 5. Now return first order full from panel; 6. now refund second order","Windows PC Lenovo Generic/All Windows 8",cashback,0,"09/12/2016 07:52:16 ","12/12/2016 10:42:06 "
30,"if user has used partial wallet + credit card, the refund amount in mail is coming incorrect",sandbox,Closed,High,Major,Functional,Always,"Nirali Thakkar",sanketmore,"if user has used partial wallet + credit card, the refund amount in mail is coming incorrect

Note: this is happening for full return and cancel and part return and cancel","It should show the amount of refund which is paid using pepaid","1. perform 1st order; 2. run the cron; 3. perform 2nd order and use partial wallet + other prepaid option; 4. Note: keep % amount 20; 5. now cancel or refund 1st order fully or partally; 6. now cancel or refund 2nd order fully or partally","Windows PC Lenovo Generic/All Windows 8",cashback,0,"09/12/2016 07:57:11 ","12/12/2016 10:41:56 "
34,"when user performs any action and refreshes the page, in the UI user is not able to see that some action is performed",sandbox,Closed,High,Major,Functional,Always,"Nirali Thakkar",sanketmore,"when user performs any action and refreshes the page, in the UI user is not able to see that some action is performed",,,"Windows PC Lenovo Generic/All Windows 8",,0,"16/12/2016 11:51:33 ","17/12/2016 09:24:42 "
35,"when user has performed some action on item code and then inwarded that item code, the flag is not getting updated in log tab",sandbox,Closed,High,Major,Functional,Always,"Nirali Thakkar",sanketmore,"when user has performed some action on item code and then inwarded that item code, the flag is not getting updated in log table",,,"Windows PC Lenovo Generic/All Windows 8",,0,"16/12/2016 11:58:53 ","17/12/2016 09:24:48 "
36,"Calender should open if clicked on calendar logo,",sandbox,Closed,Medium,Minor,Functional,Always,vikram1,yashm,"Calender isnt opening  if clicked on calendar logo,","Calender should open if clicked on calendar logo,","1. Refer the screernshot","Windows PC",,0,"23/12/2016 11:11:32 ","27/12/2016 06:48:47 "
37,"Dates after today's date shouldnt be clickable on calender",sandbox,Closed,Low,Minor,Functional,Always,vikram1,yashm,"On calender popup, dates after today's current date shouldnt be clickable",,,"Windows PC",,0,"23/12/2016 11:19:43 ","20/06/2017 09:01:19 "
38,"Loader should be displayed if clicked on submit button",sandbox,Closed,Medium,Minor,Functional,Always,vikram1,yashm,"If user clicks on submit button while accepting or rejecting the request, loader is not displayed","Loader should be displayed
","1. Refer the screenshot","Windows PC",,0,"23/12/2016 11:21:26 ","27/12/2016 06:48:15 "
39,"Auto approved should update as soon as rejected/accepted",sandbox,Closed,High,Major,Functional,Always,vikram1,yashm,"When user accepts/rejects a request, auto approved is not updating at the same time user accepts or rejects a request, user has to refresh the page","Auto aproved should update as soon as rejected/accepted","1. Accept or reject a request; 2. See the auto approved didnt get updated","Windows PC",,0,"23/12/2016 11:23:41 ","27/12/2016 06:50:29 "
40,"If one product is accepted/rejected out of 2, the one disappears",sandbox,"Not a Bug",High,Major,Functional,Always,vikram1,yashm,"If user has requested return request for 2 items, and seller accepts/rejects just one of them, the other product  disappears. i.e. ideally that non-actioned product should remain in new tab because seller has not taken an action on it","Ideally that non-actioned product should remain in new tab because seller has not taken an action on it","1. Place return request for 2 qty of the same item; 2. Accept/reject one of them; 3. See the other disappears from new tab ","Windows PC",,1,"23/12/2016 11:26:37 ","27/12/2016 05:53:42 "
41,"If there are multiple products in a  return request, one prod is not allowed to take action",sandbox,"Not a Bug",High,Major,Functional,Always,vikram1,yashm,"If there are multiple products in a  return request, one prod is not allowed to take action. For ex user has requested return request for 2 different product, seller is not allowed to take action on just one of them, he has to take action on both then only submit button works. 
Please let us know if its requirement","Seller should be allowed to take action on just one item if different items have requested for return","1. Place return request for 2 different products; 2. Go to panel and edit this request; 3. Click on accept button of one product and click on submit button; 4. See submit button doesnt work if user selects just one item","Windows PC",,0,"23/12/2016 11:30:37 ","26/12/2016 06:41:17 "
42,"Nothing happening if clicked submit button of rvp",sandbox,Closed,High,Major,Functional,Always,vikram1,yashm,"While accepting/rejecting a request in rvp section, submit button is not working
",,"1. Go to rvp; 2. click on edit button of any request; 3. Accept or reject and click submit","Windows PC",,0,"23/12/2016 12:08:55 ","27/12/2016 06:50:55 "
43,"Accepted/rejected also shown in new tab of rvp",sandbox,Closed,High,Major,Functional,Always,vikram1,yashm,"If seller user accepts/rejects a request, its getting vanished from 'new' tab of rvp section, but when he visits accepted/rejected tab and then comes back again to new tab, the accepted/rejected request is again populating in new tab","Once a request is accepted/rejected it should disappear from new tab[if all the products of that request are served]","1. Go to rvp section; 2. GO to edit of any request; 3. Accept/reject it; 4. See request is disappeared from new tab; 5. Now go to accepted/rejected tab and then come back to new tab, see that order is again displayed","Windows PC",,1,"23/12/2016 14:34:00 ","27/12/2016 06:28:10 "
44,"Any service request[accepted/rejected] frm rvp is getting populated for 4 times in  dispatch-shipment table[non-reproducible]",sandbox,Closed,Medium,Major,Functional,Sometimes,vikram1,yashm,"entry getting for 4 times in dispatched_shipment","Only one entry should present in this table unless there are multiple products in that order
",,"Windows PC",,0,"23/12/2016 14:36:16 ","27/12/2016 09:32:29 "
45,"Accepted/rejected orders of rvp are not getting entered in service_request table",sandbox,"Not a Bug",High,Major,Functional,Always,vikram1,yashm,"If user accepts or rejects a request, the corrusponding entry is not getting entered in service-request table","accepted/rejected orders should get getting entered in service_request table","1. Go rvp section and accept or reject request; 2. Go to service request table; 3. See no entry in this table for that order","Windows PC",,1,"23/12/2016 14:39:18 ","27/12/2016 05:58:05 "
46,"resolution is not getting updated , it is showing error message",sandbox,Closed,High,Major,Functional,Always,"Nirali Thakkar",sanketmore,"Note: It is getting added",,,"Windows PC Lenovo Generic/All Windows 8",,0,"26/12/2016 12:23:18 ","20/06/2017 09:01:14 "
47,"image is uploaded while rejecting rvp then also we are not able to see in purplle rvp panel",sandbox,Closed,High,Major,Functional,Always,"Nirali Thakkar",yashm,"image is uploaded while rejecting rvp then also we are not able to see in purplle rvp panel",,,"Windows PC Lenovo Generic/All Windows 8",,0,"05/01/2017 07:50:15 ","05/01/2017 09:20:24 "
48,"when user tries to add or update commission percentage, it is not getting updated. it is showing default value as 86",sandbox,"Not a Bug",High,Major,Functional,Always,"Nirali Thakkar",sanketmore,"when user tries to add or update commission percentage, it is not getting updated. it is showing default value as 86",,,"Windows PC Lenovo Generic/All Windows 8",,1,"10/01/2017 10:15:42 ","11/01/2017 12:12:21 "
49,"while adding the product to seller sku type is not defined, database error is coming",sandbox,"Not a Bug",High,Major,Functional,Always,"Nirali Thakkar",sanketmore,"while adding the product to seller sku type is not defined, database error is coming

A Database Error Occurred

Error Number: 1364

Field 'sku_type' doesn't have a default value

INSERT INTO `procurement_seller_product` (`updated_at`, `updated_by`, `seller_id`, `product_id`, `price`, `our_price`, `active`, `off_premise_inv`, `seller_sponsor`, `tax`) VALUES (1484043751, '359', 1, '109295', '1390', 1200, 1, 10, 0, 1)

Filename: /home/managesandbox/public_html/packages/admin/modules/sourcing/models/seller_m.php

Line Number: 116",,,"Windows PC Lenovo Generic/All Windows 8",,0,"10/01/2017 10:26:09 ","10/01/2017 14:10:28 "
50,"while adding new product to the seller, tax by default inserted is 0",sandbox,"Not a Bug",High,Major,Functional,Always,"Nirali Thakkar",sanketmore,"while adding new product to the seller, tax by default inserted is 0",,,"Windows PC Lenovo Generic/All Windows 8",,0,"10/01/2017 11:11:25 ","10/01/2017 11:13:33 "
51,"when user enters amount < payable then also error message is coming",sandbox,Confirmed,High,Major,Functional,Always,"Nirali Thakkar",yashm,"when user enters amount < payable then also error message is coming",,"1. open managesandbox; 2. upload excel sheet with amount < payable ","Windows PC Lenovo Generic/All Windows 8",,0,"21/01/2017 06:13:39 ","21/01/2017 06:13:39 "
52,"when user tries to upload excel sheet from seller panel, page is coming blank",sandbox,Closed,High,Major,Functional,Always,"Nirali Thakkar",sanketmore,"when user tries to upload excel sheet from seller panel, page is coming blank",,,"Windows PC Lenovo Generic/All Windows 8",,0,"12/04/2017 07:52:43 ","03/07/2017 06:27:15 "
53,"when new seller data is added, by default it should be inactive but currently it is active",sandbox,Closed,High,Major,Functional,Always,"Nirali Thakkar",sanketmore,"when new seller data is added, by default it should be inactive but currently it is active",,,"Windows PC Lenovo Generic/All Windows 8",,0,"12/04/2017 09:15:29 ","03/07/2017 06:27:28 "
54,"when for same product, multiple requests are there, then in moderation when user approves any 1, others disappears",sandbox,Closed,High,Major,Functional,Always,"Nirali Thakkar",sanketmore,"when for same product, multiple requests are there, then in moderation when user approves any 1, others disappears",,,"Windows PC Lenovo Generic/All Windows 8",,0,"12/04/2017 09:16:39 ","03/07/2017 06:27:34 "
55,"if commission % is entered characters or special char instead of no, database error is coming",sandbox,Resolved,High,Major,Functional,Always,"Nirali Thakkar",sanketmore,"if commission % is entered characters or special char instead of no, database error is coming",,,"Windows PC Lenovo Generic/All Windows 8",,0,"12/04/2017 09:18:39 ","03/07/2017 06:26:31 "
56,"Expiry date is getting accepted of previous month and year",sandbox,Closed,Medium,Trivial,Functional,Always,"Nirali Thakkar","priyanka k","Expiry date is getting accepted of previous month and year",,,"Windows PC Lenovo Generic/All Windows 8",,1,"30/05/2017 06:00:12 ","02/06/2017 06:40:21 "
57,"when user after choosing coupon code, takes order id, and clicks on submit, the entered values should disappear",sandbox,Closed,High,Trivial,Functional,Always,"Nirali Thakkar","priyanka k","when user after choosing coupon code, takes order id, and clicks on submit, the entered values should disappear from the form",,,"Windows PC Lenovo Generic/All Windows 8",,0,"30/05/2017 06:25:27 ","02/06/2017 06:40:06 "
58,"When user keeps the values blank or enters incorrect value, then also data added successfully is coming",sandbox,Confirmed,High,Major,Functional,Always,"Nirali Thakkar","priyanka k","When user keeps the values blank or enters incorrect value, then also data added successfully is coming",,"1. open http://managesandbox.purplle.com/production/price_exp/procumentpricing; 2. try to upload sheet which has incorrect values or keep the field null","Windows PC Lenovo Generic/All",,0,"02/06/2017 06:11:19 ","02/06/2017 06:11:19 "
59,"when user enters alphanumeric for the integer fields, database error is coming",sandbox,Closed,High,Major,Functional,Always,"Nirali Thakkar","priyanka k","when user enters alphanumeric for the integer fields, database error is coming","it shold be handled","1. open http://managesandbox.purplle.com/production/price_exp/procumentpricing; 2. for some of the fields enter alpha numeric for the numeric fields","Windows PC Lenovo Generic/All",,0,"02/06/2017 06:14:40 ","02/06/2017 13:12:17 "
60,"when user enters all the fields proper , then also its giving error message sku is missing at row3",sandbox,Closed,High,Major,Functional,Always,"Nirali Thakkar","priyanka k","when user enters all the fields proper , then also its giving error message sku is missing at row3

Note: enter only 1 row and check then only that error message is coming",,"1. open http://managesandbox.purplle.com/production/price_exp/procumentpricing; 2. upload sheet with values proper which has only 1 row","Windows PC Lenovo Generic/All",,0,"02/06/2017 06:17:03 ","02/06/2017 13:32:29 "
61,"when user enters alphanumeric values in date , then also data is getting inserted in db, with 0 values",sandbox,Closed,High,Major,Functional,Always,"Nirali Thakkar","priyanka k","when user enters alphanumeric values in date , then also data is getting inserted in db, with 0 values",,,"Windows PC Lenovo Generic/All",,0,"02/06/2017 06:18:23 ","03/06/2017 05:20:49 "
62,"seller id should not be allowed to enter any random no, it should be present in procurement seller product table",sandbox,Closed,High,Major,Functional,Always,"Nirali Thakkar","priyanka k","seller id should not be allowed to enter any random no, it should be present in procurement seller product table",,,"Windows PC Lenovo Generic/All",,0,"02/06/2017 06:20:54 ","02/06/2017 13:44:24 "
63,"sku should not be allowed to enter any random no, it should present in procurement_seller_product table",sandbox,Closed,High,Major,Functional,Always,"Nirali Thakkar","priyanka k","sku should not be allowed to enter any random no, it should present in procurement_seller_product table",,,"Windows PC Lenovo Generic/All",,0,"02/06/2017 06:21:56 ","02/06/2017 13:44:12 "
64,"combination of sku and that seller which we are entering should be present in procurement_seller_product.",sandbox,Closed,High,Major,Functional,Always,"Nirali Thakkar","priyanka k","combination of sku and that seller which we are entering should be present in procurement_seller_product.",,,"Windows PC Lenovo Generic/All",,0,"02/06/2017 06:22:52 ","02/06/2017 13:43:59 "
65,"min_discount should not be greater than max discount",sandbox,Closed,High,Major,Functional,Always,"Nirali Thakkar","priyanka k","min_discount should not be greater than max discount",,,"Windows PC Lenovo Generic/All",,0,"02/06/2017 06:23:57 ","02/06/2017 13:07:32 "
66,"mrp should be removed from excel as discussed with arvind, but it shpuld be present in mrp",sandbox,Closed,High,Major,Functional,Always,"Nirali Thakkar","priyanka k","mrp should be removed from excel as discussed with arvind, but it shpuld be present in mrp

Note: It should fetch mrp from procurement_seller_product table for that particular seller_id and sku",,,"Windows PC Lenovo Generic/All",,0,"02/06/2017 06:26:17 ","02/06/2017 13:43:45 "
67,"if start date and end date is same, then timing should be different",sandbox,Closed,High,Major,Functional,Always,"Nirali Thakkar","priyanka k","if start date and end date is same, then timing should be different

Note: Start date timing should be 0hour 0 min 0 sec
and end date timing should be 23 hour 59 min 59 sec",,,"Windows PC Lenovo Generic/All",,0,"02/06/2017 06:35:43 ","03/06/2017 05:29:09 "
68,"start date and end date format should be defined and also mention in UI",sandbox,Closed,Low,Trivial,Visual,Always,"Nirali Thakkar","priyanka k","start date and end date format should be defined and also mention in UI",,,"Windows PC Lenovo Generic/All",,0,"02/06/2017 06:37:00 ","03/06/2017 05:29:17 "
69,"when user enters random no in the excel, in the start date and end date, it takes any date , it gives db error ",sandbox,Closed,High,Major,Functional,Always,"Nirali Thakkar","priyanka k","when user enters random no in the excel, in the start date and end date, it takes any date , it gives db error ",,"1. open excel; 2. enter random no in strt and end date; 3. now try to upload","Windows PC Lenovo Generic/All Windows 8",,0,"03/06/2017 05:18:45 ","20/06/2017 09:00:58 "
70,"when user  enters only seller id and sku then also it shows data is getting updated",sandbox,Closed,High,Major,Functional,Always,"Nirali Thakkar","priyanka k","when user  enters only seller id and sku then also it shows data is getting updated",,,"Windows PC Lenovo Generic/All Windows 8",,0,"03/06/2017 05:48:40 ","20/06/2017 09:00:50 "
71,"when user enters start date of today and end date of tomorrow, then also it is taking timings of today",sandbox,Closed,High,Major,Functional,Always,"Nirali Thakkar","priyanka k","when user enters start date of today and end date of tomorrow, then also it is taking timings of today

epoch start date of 03-06-2017  1496428200
end date 04-06-2017  1496514600
",,,"Windows PC Lenovo Generic/All Windows 8",,0,"03/06/2017 05:52:41 ","20/06/2017 08:57:32 "
72,"Put validations proper for the date",sandbox,Resolved,High,Major,Visual,Always,"Nirali Thakkar","priyanka k","Put validations proper for the date. check for all the conditions

If day is >31 or month is > 12 or year < current

",,,"Windows PC Lenovo Generic/All Windows 8",,0,"03/06/2017 06:23:13 ","20/06/2017 10:46:34 "
73,"when user manually changes capture id to 0 for successful order, and clicks on verify , status is not changing to verified",sandbox,Confirmed,High,Major,Functional,Always,"Nirali Thakkar",jeevan120429,"when user manually changes capture id to 0 for successful order, and clicks on verify , status is not changing to verified","capture id should be changed to 1 and order status should be changed to Verified as Juspay has valid tansaction id","1. perform successful prepaid order; 2. now mark status manually as To Verify; 3. change capture id to 0; 4. now open panel and click on verify order","Windows PC Lenovo Generic/All Windows 8",,0,"13/06/2017 07:16:58 ","13/06/2017 07:16:58 "
74,"when order is COD, status is new, verify link is not coming in the panel",sandbox,Confirmed,High,Major,Functional,Always,"Nirali Thakkar",jeevan120429,"when order is COD, status is new, verify link is not coming in the panel
",,,"Windows PC Lenovo Generic/All Windows 8",,0,"13/06/2017 07:18:36 ","13/06/2017 07:18:36 "
75,"when user enters wrong transaction id for that order id, then no error message is coming",sandbox,Confirmed,High,Major,Visual,Always,"Nirali Thakkar",jeevan120429,"when user enters wrong transaction id for that order id, then no error message is coming.

500 error message is coming",,,"Windows PC Lenovo Generic/All Windows 8",,0,"13/06/2017 07:38:51 ","13/06/2017 07:38:51 "
76,"when user enters tax > 100 it is accepting in product_hsn table",sandbox,Closed,High,Major,Functional,Always,"Nirali Thakkar","priyanka k","when user enters tax > 100 it is accepting in product_hsn table",,,"Windows PC Lenovo Generic/All Windows 8",,0,"20/06/2017 05:56:19 ","20/06/2017 08:56:03 "
77,"when user enters tax amount decimal value greater than 2 it is not getting round off",sandbox,Closed,High,Major,Functional,Always,"Nirali Thakkar","priyanka k","when user enters tax amount decimal value greater than 2 it is not getting round off",,,"Windows PC Lenovo Generic/All Windows 8",,0,"20/06/2017 05:57:15 ","20/06/2017 08:55:49 "
78,"when user without entering hsn code column tries to update other columns, its not throwing error msg",sandbox,Closed,High,Major,Functional,Always,"Nirali Thakkar","priyanka k","when user without entering hsn code column tries to update other columns, its not throwing error msg

Note: product_product table
",,,"Windows PC Lenovo Generic/All Windows 8",,0,"20/06/2017 05:58:59 ","20/06/2017 09:05:55 "
79,"GST/ARN no in vendor panel is accepting only numeric values. Its should be alphanumeric",sandbox,Closed,High,Major,Functional,Always,"Nirali Thakkar","priyanka k","GST/ARN no in vendor panel is accepting only numeric values. Its should be alphanumeric",,,"Windows PC Lenovo Generic/All Windows 8",,0,"20/06/2017 06:00:14 ","20/06/2017 08:55:16 "
80,"when user tries to run the script, it is not running as expected",sandbox,Closed,High,Major,Functional,Always,"Nirali Thakkar","priyanka k","when user tries to run the script, it is not running as expected",,,"Windows PC Lenovo Generic/All Windows 8",,0,"20/06/2017 06:01:45 ","21/06/2017 09:41:16 "
81,"when nothing is inserted in product_hsn table then also 0 products inserted successfully message is coming",sandbox,Closed,High,Major,Visual,Always,"Nirali Thakkar","priyanka k","when nothing is inserted in product_hsn table then also 0 products inserted successfully message is coming",,,"Windows PC Lenovo Generic/All Windows 8",,0,"20/06/2017 06:03:26 ","20/06/2017 08:53:21 "
82,"when user enters same GST/ARN number while adding seller data, it is not giving error message",sandbox,Closed,High,Major,Functional,Always,"Nirali Thakkar","priyanka k","when user enters same GST/ARN number while adding seller data, it is not giving error message

Note: For every vendor grn/arn no should be unique",,,"Windows PC",,0,"20/06/2017 09:37:20 ","21/06/2017 09:41:05 "
83,"not able to update valid hsn code from the product panel",sandbox,Closed,High,Major,Functional,Always,"Nirali Thakkar","priyanka k","not able to update valid hsn code from the product panel",,,"Windows PC Lenovo Generic/All Windows 8",,0,"21/06/2017 07:08:55 ","21/06/2017 09:42:14 "
84,"validations missing on gst/arn textbox while adding a new seller",sandbox,Closed,High,Major,Functional,Always,"Nirali Thakkar","priyanka k","validations missing on gst/arn textbox while adding a new seller",,,"Windows PC Lenovo Generic/All Windows 8",,0,"21/06/2017 07:10:32 ","21/06/2017 09:39:32 "
85,"when click on save while adding a new seller, success popup takes too much time",sandbox,Confirmed,High,Major,Functional,Always,"Nirali Thakkar","priyanka k","when click on save while adding a new seller, success popup takes too much time",,,"Windows PC Lenovo Generic/All Windows 8",,0,"21/06/2017 07:11:40 ","21/06/2017 07:11:40 "
86,"when user tries to update hsn from the panel, from product_product, value is becoming null",sandbox,Closed,Medium,Major,Functional,Always,"Nirali Thakkar","priyanka k","when user tries to update hsn from the panel, from product_product, value is becoming null in db",,,"Windows PC Lenovo Generic/All Windows 8",,0,"21/06/2017 07:25:13 ","21/06/2017 09:38:27 "
87,"when user tries to change filter, data disappears from the 2nd tab",sandbox,Confirmed,High,Major,Functional,Always,"Nirali Thakkar",sanketmore,"when user tries to change filter, data disappears from the 2nd tab",,,"Windows PC HP Generic/All Windows 8",,0,"03/07/2017 06:14:10 ","03/07/2017 06:14:10 "
88,"Approve button is not coming when clicked on checkbox",sandbox,"Not a Bug",High,Major,Functional,Always,"Nirali Thakkar",sanketmore,"Approve button is not coming when clicked on checkbox",,,"Windows PC HP Generic/All Windows 8",,0,"03/07/2017 06:26:26 ","03/07/2017 07:18:45 "
89,"when user performs rvp return, expiry date is coming wrong in wallet_transactions table",sandbox,Confirmed,High,Major,Functional,Always,"Nirali Thakkar","priyanka k","when user performs rvp return, expiry date is coming wrong in wallet_transactions table",,,"Windows PC Lenovo Generic/All Windows 8",,0,"20/07/2017 09:11:33 ","20/07/2017 10:29:49 "
90,"when all the amount is used from wallet, is expired is becoming 1 but expired amount still remains",sandbox,Resolved,High,Major,Functional,Always,"Nirali Thakkar","priyanka k","when all the amount is used from wallet, is expired is becoming 1 but expired amount still remains",,,"Windows PC Lenovo Generic/All Windows 8",,0,"20/07/2017 10:29:30 ","21/07/2017 07:43:21 "
91,"Bug in creating the segment list via excel sheet",sandbox,Resolved,Medium,Minor,Functional,Always,"Jagadeesh Tummalacharla","priyanka k","1. ""Data added successfully"" message is showing even the data is not added.
","1. Data added successfully message should come only if data is added.","1. Open http://managesandbox.purplle.com/digitalmarketing/emailsubscriber; 2. Download any dump file; 3. Create the new segment name, upload the downloaded dump file; 4. Click on submit; 5. You will get erro like ""The filename uploads/digitalmarketing20170901152218.xls is not readable""; 6. Now click on back to previous page & refresh; 7. Here ""Data added successfully"" message is coming even the data is not added",,,0,"01/09/2017 09:54:48 ","16/09/2017 13:11:29 "
93,"Email notification is not sending to users after scheduling.",sandbox,Closed,Critical,Critical,Functional,Always,"Jagadeesh Tummalacharla","priyanka k","1. After we done the scheduling part, email notification is not sending to the users.","1. email notification should send to the users","1. Open http://managesandbox.purplle.com/digitalmarketing/emailcampaign; 2. Select campaign name, segment list and schedule it to 5 min from current time; 3. Run the update cron before the scheduled time : http://managesandbox.purplle.com/crm/scheduler/update_promo_scheduler; 4. After update cron is success, run this cron after scheduled time for sending mail: http://managesandbox.purplle.com/crm/scheduler/promo_campaign; 5. Check whether user is getting mail or not",,,0,"04/09/2017 05:55:25 ","04/09/2017 15:11:53 "
95,"Error is getting when scheduling",sandbox,Closed,Critical,Major,Functional,Always,"Jagadeesh Tummalacharla",yashm,"1.  When i clicked on schedule, Error message is showing like ""Error occurred"" in Web push testing panel.",,"1. Open http://managesandbox.purplle.com/digitalmarketing/emailcampaign; 2. Select campaign name, segment list and schedule it; 3. You will see an error message like ""Error occurred""",,webpush,0,"06/09/2017 07:22:02 ","06/09/2017 15:07:11 "
96,"Web push is not getting for mobile site",sandbox,Closed,High,Major,Functional,Always,"Jagadeesh Tummalacharla",yashm,"1. Web push is not getting in mobile site.",,,,webpush,0,"06/09/2017 10:50:35 ","07/09/2017 10:47:44 "
97,"Background image is not getting in web push for firefox",sandbox,"Not a Bug",High,Major,Visual,Always,"Jagadeesh Tummalacharla",yashm,"1. When received the web push for firefox, background image(Image URL from the panel) is not getting.",,"1. Open http://managesandbox.purplle.com/digitalmarketing/emailcampaign; 2. Select campaign name, segment list and schedule; 3. Run the cron http://managesandbox.purplle.com/crm/scheduler/prepareWebPush before scheduled time; 4. Run this cron after successful of step3 and after scheduled time, http://managesandbox.purplle.com/crm/scheduler/sendWebPush; 5. See the push on firefox",,webpush,0,"06/09/2017 10:54:41 ","07/09/2017 10:47:54 "
11,"Itemcode switch panel is not showing error message when user enters same item code twice",dev,Closed,Medium,Major,Functional,Always,archana,sanketmore,"page is getting hang. when user enters correct item code as special char or already used item code","Error message should be thrown","1. Open Itemcode switch ; 2. Enter wrong item code; 3. Enter correct item code which is already prsent",,,0,"07/11/2016 13:32:21 ","08/11/2016 11:08:54 "
12,"File name is overlapping with upload text",dev,Closed,Medium,Minor,Text,Always,archana,sanketmore,http://screencast.com/t/PX6Q4xzdjro,,"1. Upload excel file on show item code switch panel",,,0,"07/11/2016 13:33:47 ","08/11/2016 11:09:12 "
13,"choose file is not clickable under itemcode switch",dev,Closed,High,Major,Functional,Always,archana,sanketmore,,,"1. try to click on choose file to upload excel sheet",,,0,"07/11/2016 13:41:21 ","24/11/2016 06:53:50 "
14,"Speical charachters is getting accpet for itemcode",dev,Closed,Medium,Major,Functional,Always,archana,sanketmore,,"special char should be acceptable for item code excpet  ""-""","1. Enter new right itemcode as special characters","Windows PC",,0,"07/11/2016 13:43:39 ","08/11/2016 10:53:28 "
33,"Orders are being auto cancelled on 10th day, should happen on 5th day only",dev,Confirmed,High,Major,Functional,Always,vikram1,"Arvind Kurmi","Orders are being auto cancelled on 10th day, should happen on 5th day only","Orders should get auto cancelled on 5th day only",,"Windows PC",,0,"08/12/2016 10:24:32 ","16/12/2016 10:26:11 "
32,"change the message to ""A cashback of Rs. 200 has been credited to your Purplle Wallet""",dev,Confirmed,Medium,Trivial,Visual,Always,"Nirali Thakkar",natesh,"change the message to ""A cashback of Rs. 200 has been credited to your Purplle Wallet""

curently the message is coming wrong",,,"Windows PC Lenovo Generic/All Windows 8",cashback,0,"13/12/2016 07:54:29 ","16/12/2016 10:24:42 "
31,"Courier partner's tracking details are not getting displayed on order history pages & should be displayed till 30Day",dev,Confirmed,High,Major,Functional,Always,vikram1,"Arvind Kurmi","Track shipment buttons of courier partners are not being shown on order history pages & should be displayed till 30Days","Track shipment buttons of courier partners should be shown on order history pages & should be displayed till 30Days","1. Go order history page of shipped/delivered order[delivered should be within 30 days]; 2. See courrier partner's tracking details are not being displlayed","Windows PC",,0,"13/12/2016 09:24:20 ","16/12/2016 10:23:57 "
